S No,Project,Capacity (MW),River,Lic No,Isuue Date,Validity,Promoter,Address,Latitiude N,,Longitude E,,VDC/District,C O D
1,Khimti -I,60,Khimti Khola,1,2051-11-01,2101-10-29,Himal Power Limited,,"27o 28' 28""","27o 33' 07""","86o 06' 04""","86o 15' 00""","Sahure,Hawa (Dolakha) Betali (Ramechhap)",2057-03-27
2,Trishuli,24,Trishuli,1_gtd,2051-12-06,2101-11-30,Nepal Electricity Authority,,"27o 55' 09""","27o 58' 25""","85o 08' 45""","85o 11' 11""",(Nuwakot),2024-01-01
3,Gandak,15,Narayani,1_gtd,2051-12-06,2101-11-30,Nepal Electricity Authority,,"27o 25' 21""","27o 28' 16""","83o 47' 08""","83o 56' 25""",(Nawalparasi),2035-12-19
4,Panauti,2.4,Roshi,1_gtd,2051-12-06,2101-11-30,Nepal Electricity Authority,,"27o 33' 00""","27o 35' 21""","85o 30' 20""","85o 32' 35""",(Kabhrepalanchok),2022-01-01
5,Seti,1.5,Seti Khola (Gandaki),1_gtd,2051-12-06,2101-11-30,Nepal Electricity Authority,,"28o 13' 50""","28o 15' 06""","83o 57' 54""","83o 59' 34""",(Kaski),2042-07-16
6,Marsyangdi,69,Marsyangdi,1_gtd,2051-12-06,2101-11-30,Nepal Electricity Authority,,"27o 52' 25""","27o 56' 53""","84o 25' 40""","84o 32' 42""",(Tanahu),2046-07-20
7,Kulekhani-I,60,Kulekhani,1_gtd,2051-12-06,2101-11-30,Nepal Electricity Authority,,"27o 32' 06""","27o 37' 48""","85o 08' 21""","85o 10' 50""",(Makawanpur),2039-01-21
8,Devighat,14.1,Trishuli,1_gtd,2051-12-06,2101-11-30,Nepal Electricity Authority,,"27o 53' 07""","27o 55' 09""","85o 07' 55""","85o 08' 45""",(Nuwakot),2041-08-16
9,Sun Koshi,10.05,Sun Koshi,1_gtd,2051-12-06,2101-11-30,Nepal Electricity Authority,,"27o 45' 00""","27o 46' 00""","85o 50' 10""","85o 52' 30""",(Sindhupalchok),2029-01-01
10,Tinau,1.024,Tinau,1_gtd,2051-12-06,2101-11-30,Nepal Electricity Authority,,"27o 43' 00""","27o 44' 20""","83o 27' 30""","83o 28' 00""",(Palpa),2038-01-01
11,Tatopani,2,Tatopani,1_gtd,2051-12-06,2101-11-30,Nepal Electricity Authority,,"28o 31' 31""","28o 32' 00""","83o 39' 30""","83o 40' 07""",(Myagdi),2045-01-01
12,Kulekhani-II,32,Kulekhani,1_gtd,2051-12-06,2101-11-30,Nepal Electricity Authority,,"27o 30' 06""","27o 32' 06""","85o 02' 32""","85o 08' 21""",(Makawanpur),2043-07-15
13,Andhi Khola,9.4,Andhi Khola,2_gtd,2052-01-08,2101-12-30,Butwal Power Company,,"27o 55' 34""","27o 57' 02""","83o 40' 37""","83o 41' 06""",(Syangja),2048-02-18
14,Jhimruk Khola,12.5,Jhimruk,3_gtd,2052-01-25,2101-12-30,Butwal Power Company,,"28o 04' 02""","28o 04' 46""","82o 48' 04""","82o 49' 07""",(Pyuthan),2041-04-17
15,Puwa,6.2,Puwa,2,2052-05-27,2101-11-30,Nepal Electricity Authority,,"26o 52' 28""","26o 54' 50""","87o 54' 04""","87o 55' 52""",Ilam N.P. (Ilam),2060-12-22
16,Modi Khola,14.8,Modi Khola,3,2052-10-24,2101-11-30,Nepal Electricity Authority,,"28o 15' 42""","28o 17' 45""","83o 43' 47""","83o 45' 45""",(Parbat),2057-08-16
17,Kali Gandaki A,144,Kali Gandaki,4,2053-07-21,2101-11-30,Nepal Electricity Authority,,"27o 55' 00""","28o 00' 52""","83o 26' 12""","83o 37' 20""",Shreekrishna Gandaki (Syangja),2059-04-31
18,Upper Bhotekoshi,45,Bhotekoshi (Sindhupalchowk),5,2053-08-13,2093-07-30,Bhotekoshi Power Company,,"27o 54' 40""","27o 56' 42""","85o 55' 13""","85o 56' 55""",(Sindhupalchok),2057-10-11
19,Chilime,22,Chilime,6,2054-04-26,2104-11-30,Chilime Hydropower Company Limited,"KMC-3, Maharajgunj, POBox: 25210, Kathmandu, e-mail: info@chilime.com.np","28o 09' 15""","28o 11' 07""","85o 17' 53""","85o 20' 28""",Chilime (Rasuwa),2065-05-07
20,Indrawati -III,7.5,Indrawati,7,2054-11-14,2104-09-29,National Hydropower Company Pvt. Ltd.,,"27o 51' 38""","27o 53' 15""","85o 35' 24""","85o 37' 12""","Jyamire,Langarche (Sindhupalchok)",2059-06-21
21,Madhya Marsyangdi,70,Marsyangdi,8,2057-03-12,2106-01-31,Nepal Electricity Authority,,"28o 08' 20""","28o 11' 50""","84o 24' 18""","84o 26' 51""",(Lamjung),2065-07-16
22,Piluwa Khola,3,Piluwa Khola,9,2057-05-05,2097-04-32,Arun Valley Hydropower Development Company Pvt. Ltd.,,"27o 15' 45""","27o 17' 05""","87o 19' 35""","87o 20' 56""",(Sankhuwasabha),2060-06-01
23,Sunkoshi Small,2.6,Sun Koshi,12,2059-06-22,2094-03-31,Sanima Hydripower Pvt.Ltd,,"27o 46' 00""","27o 48' 00""","85o 53' 00""","85o 56' 00""",(Sindhupalchok),2061-12-11
24,Mailung Khola,5,Mailung Khola,13,2060-12-03,2094-12-30,Mailun Khola Hydropower Company Pvt. Ltd,,"28o 04' 03""","28o 05' 00""","85o 11' 26""","85o 13' 07""",(Rasuwa),2071-03-19
25,Chaku Khola,3,Chaku,17,2061-11-04,2096-11-03,Laughing Buddha Power Nepal Ltd.,,"27o 52' 00""","27o 53' 00""","85o 54' 30""","85o 56' 00""","Fulpingkatti,Tatopani (Sindhupalchok)",2062-03-01
26,Khudi Khola,4,Khudi,16,2061-11-13,2096-11-12,Khudi hydropower limited,,"28o 16' 30""","28o 18' 30""","84o 19' 30""","84o 21' 30""","Ghanpokhara,Khudi,Simpani (Lamjung)",2063-09-15
27,Thoppal Khola,1.65,Thoppal,19,2063-03-25,2098-03-24,Thoppal Khola Hydropower Company,,"27o 49' 00""","27o 51' 00""","84o 50' 30""","84o 53' 30""",(Dhading),2064-04-24
28,Chameliya Khola,30,Chameliya Khola,20,2063-09-04,2098-09-03,Nepal Electricity Authority,,"29o 41' 00""","29o 44' 00""","80o 38' 00""","80o 42' 38""","Latinath,Seri,Sikhar (Darchula)",2074-10-27
29,Mardi Khola,4.8,Mardi,21,2063-10-08,2098-10-07,Gandaki Hydropower Development Co. P. Ltd,,"28o 19' 10""","28o 22' 14""","83o 52' 55""","83o 53' 30""",(Kaski),2066-10-08
30,Ridi Khola,2.4,Ridi,22,2064-02-17,2099-02-16,Ridi Power Co. Ltd.,"P.O. Box: 11039, Baneswor Kathmandu Ph: 4475234, 44474895","27o 55' 30""","27o 57' 00""","83o 23' 30""","83o 26' 30""",(Palpa),2066-07-10
31,Mai Khola,4.5,Mai Khola,23,2064-08-20,2099-08-19,Himal Dolkha Hydropower Co Ltd,,"26o 52' 36""","26o 53' 36""","87o 55' 47""","87o 56' 38""",(Ilam),2064-10-14
32,Kule Khani Third,14,Kulekhani,24,2064-12-17,2099-12-16,Nepal Electricity Authority,"Durbarmarg, Kathmandu, Fax : 014153009, Phone : 01-4153007, 4153012","27o 27' 30""","27o 31' 00""","85o 01' 30""","85o 03' 30""",Bhaise (Makawanpur),2076-07-01
33,Hewa khola,4.455,Hewa (Sankhuwasabha),25,2065-01-22,2100-01-21,Barun Hydropower Development Co. Pvt. Ltd,,"27o 18' 54""","27o 19' 33""","87o 19' 00""","87o 20' 44""","Jaljala,Siddhapokhari (Sankhuwasabha)",2067-04-17
34,Lower Chaku Khola,1.8,Chaku,26,2065-05-09,2100-05-08,Laughing Buddha Power Nepal Pvt. Ltd,,"27o 52' 33""","27o 53' 46""","85o 54' 43""","85o 55' 29""",(Sindhupalchok),2070-04-24
35,Sipring Khola,10,Sipring,27,2066-01-30,2101-01-29,Synergy Power Development P Ltd,"P.O.Box 24600, Kathmandu, Phone 01-4440433","27o 48' 38""","27o 49' 39""","86o 13' 47""","86o 15' 18""","Khare,Gauri Sankar (Dolakha)",2069-10-03
36,Lower Modi -1,10,Modi Khola,29,2066-05-02,2101-05-02,"United Modi Hydropower Pvt. Ltd., 1st Floor Heritage Plaza 2; Kamaladi, Kathmandu Metropolitan - 31",Phone 014169114; Fax : 014169113; email : unitedmodi@ntc.net.np,"28o 13' 15""","28o 14' 07""","83o 42' 05""","83o 43' 00""",(Parbat),2069-08-09
37,Bhairab Kund Khola,3,Bhairab Kund,30,2066-05-19,2101-05-18,Bright Power Co. Pvt. Ltd.,"Naxal, KMC-1, 9851139921, brightpowerltd22@gmail.com","27o 55' 52""","27o 56' 14""","85o 55' 53""","85o 56' 28""",Tatopani (Sindhupalchok),2071-02-22
38,Siuri Khola,5,Siuri,31,2066-05-30,2101-05-29,Nyadi Group Pvt Ltd,"PO Box 14165, Kathmandu, Ph: 6219566","28o 20' 24""","28o 21' 00""","84o 27' 41""","84o 29' 23""",(Lamjung),2069-06-30
39,Ankhu Khola - 1,7,Ankhu Khola,32,2066-08-26,2101-08-25,Ankhu Khola Jalvidut Co. Ltd,"Kathmandu-32, Anamnagar, Phone 01-4286228,4102595, 9841545350, 9851072170","28o 00' 00""","28o 01' 30""","84o 54' 00""","84o 55' 55""",(Dhading),2070-05-08
40,Baramchi Khola HPP,4.2,Baramchi,33,2066-10-26,2101-10-25,Unique Hydel Pvt Ltd,"Thulo Bharyang, Kathmandu Phone 01-4672598,4672599","27o 50' 11""","27o 51' 30""","85o 46' 38""","85o 48' 15""","Baramchi,Hagam (Sindhupalchok)",2071-12-30
41,Bijayapur-1,4.5,Bijayapur,34,2066-12-22,2101-12-21,Bhagawati Hydropower Development Company,,"28o 10' 37""","28o 11' 26""","84o 01' 31""","84o 02' 26""",(Kaski),2069-05-05
42,Upper Madi,25,Madi Khola,35,2067-01-27,2102-01-26,"Madi Power Pvt Ltd.,","GPO Box 2581, Gorakha Complex Minbhawan, Phone 01-4106507, 4106729, 4106731, Fax 01-4106640","28o 15' 37""","28o 17' 56""","84o 04' 00""","84o 06' 30""","Namarjung,Thumakodada,Sildujure (Kaski)",2073-09-25
43,Upper Mai Hydropower Project (Panchakanya Mai Hydropwer limi,12,Mai Khola,36,2067-04-23,2102-04-22,Mai Valley Hydropower P Ltd.,"Lalitpur - 3, Bakhundol , Pulchowk, Lalitpur, POB 24194, Ph 015010631,5010632","27o 01' 22""","27o 03' 30""","87o 56' 30""","87o 58' 00""","Mabu,Maimajhuwa (Ilam)",2073-03-09
44,Mai,22,Mai Khola,37,2067-05-13,2102-05-12,Sanima Mai Hydropower Limited,"GPO 19737, Ph: 44445952, 444642 Fax:4425953","26o 47' 21""","26o 50' 00""","87o 52' 00""","87o 55' 00""",(Ilam),2071-10-14
45,Lower Modi Khola,20,Modi Khola,38,2067-05-21,2102-05-20,Modi Energy Pvt . Ltd,"Naxal Sanogaucharan, Tel: 4441131, Fax: 4441973","28o 14' 08""","28o 16' 18""","83o 42' 30""","83o 44' 43""",",Durlung,Deurali,Ramja,Tilahar (Parbat)",2078-06-14
46,Phawa khola Hydropower Project,5,Phawa Khola,39,2067-06-19,2102-06-18,Shiwani Hydropower Company,"Baneshwor, Kathamandu - 10, Ph. 4466405, Fax: 4460137","27o 16' 37""","27o 19' 03""","87o 45' 27""","87o 46' 22""","Dummrise,Chaksibote,Thechambu (Taplejung)",0000-00-00
47,Charnawati Khola Hydroelectric Project,3.52,Charnawati,40,2067-08-17,2102-08-16,Nepal Hydro Developer Pvt Ltd,"Baneswar-10, Kathmandu, Tel; 4441131, Fax: 014441973,POB: 26435","27o 37' 50""","27o 39' 20""","86o 00' 58""","86o 02' 23""",Mati (Dolakha),2070-02-24
48,Upper Tamakoshi HPP,456,Tama Koshi,41,2067-08-17,2103-08-16,Upper Tamakoshi Hydropower Limited,"Kathmandu,GPO Box: 26070 , Tel: 4420295, Fax: 4412569","27o 49' 00""","27o 56' 40""","86o 10' 00""","86o 16' 00""","Bulung,Gauri Sankar,Khare,Lamabagar,Sunakhani,Sundrawati (Dolakha)",2078-05-04
49,Upper Trishuli 3A,60,Trishuli,43,2067-11-15,2102-11-14,Nepal Electricity Authority,"Durbar Marg , Kathmandu","28o 01' 21""","28o 04' 14""","85o 11' 16""","85o 12' 38""","Dandagoun,Laharepouwa,Thulogoun,Ramche (Rasuwa)",2076-05-13
50,Jiri Khola SHP,2.4,Jiri Khola,42,2067-11-17,2102-11-16,Bojini Company (P.) Ltd,"Buddhanagar, Kathmandu. G.P.O Box: 8974, 4783532,4782765","27o 35' 06""","27o 36' 45""","86o 13' 24""","86o 14' 00""",(Dolakha),2071-11-01
51,Pikhuwa Khola,5,Pikhuwa,45,2067-12-07,2102-12-06,Eastern Hydropower P Ltd,"Kathmandu, Phone 01-4495459","27o 08' 50""","27o 10' 33""","87o 00' 41""","87o 02' 03""","Kota,Bokhim,Bhojpur (Bhojpur)",2076-02-27
52,Middle Chaku Khola,1.8,Chaku,44,2067-12-07,2102-12-06,Laughing Budha Power Nepal,"GPO Box: 4619 , Katmandu","27o 52' 20""","27o 52' 50""","85o 55' 45""","85o 56' 00""",(Sindhupalchok),2069-11-15
53,Radhi Small,4.4,Radhi,47,2068-01-28,2103-01-27,Radhi Bidyut Co. Ltd,"P.O.Box: 20290, Phone-014232750,4232749 , Fax: 014232748, Blue Star Complex, Room No. 523, Tripureshwor, Kathmandu","28o 23' 48""","28o 24' 30""","84o 24' 34""","84o 25' 45""",(Lamjung),2071-02-31
54,Dordi Khola,27,Dordi,48,2068-03-23,2103-03-22,Himalaya Power Partner Pvt. Ltd,"POB 8975 EPC 4205 Marajaganj,Kathmandu,nepal Phoneand Fax: 4375874","28o 10' 00""","28o 13' 32""","84o 26' 00""","84o 28' 30""","Archalbot,Chiti,Dhodeni,Nauthar,Shree Banjyang,Udipur (Lamjung)",2079-06-14
55,Mristi Khola,42,Mristi,53,2068-07-20,2103-07-19,Mountain Energy Nepal Limited,"IME Complex 3rd Floor, Panipokhari, Kathmandu","28o 30' 00""","28o 32' 17""","83o 39' 10""","83o 40' 42""",",Dana,Narchyang (Myagdi)",2078-03-03
56,Tadi Khola (thaprek),5,Tadi Khola,54,2068-08-06,2103-08-05,Aadi Shakti Bidhut Bikash Co. P. Ltd,"P.O. Box: 897, Ph: 01-4219731","27o 55' 00""","27o 55' 56""","85o 19' 15""","85o 21' 08""",(Nuwakot),2058-10-10
57,Sanjen,42.5,Sanjen,55,2068-08-12,2104-08-11,Sanjen Jalvidyut Co.,"P.O.Box 25210, Gyaneswor,Kathmandu, Phone 01-4443077, Fax 01- 4443076","28o 11' 00""","28o 13' 00""","85o 16' 30""","85o 18' 15""",Chilime (Rasuwa),2081-09-01
58,Upper Chaku A,22.2,Chaku,58,2068-11-12,2103-11-11,Shiva Sri Hydropower Pvt. Ltd,"P.O.Box 13860 Kathmandu, Phone 01-4466330,","27o 51' 31""","27o 52' 31""","85o 56' 00""","85o 58' 06""","Marbin,Fulpingkatti (Sindhupalchok)",2078-02-01
59,Likhu-4,52.4,Likhu Khola,59,2068-11-28,2098-11-27,Green Ventures Ltd,"P.O.Box 772, Triveni Complex Putalisadak kathmandu, Ph 5544736, 9863029595","27o 26' 39""","27o 28' 40""","86o 15' 00""","86o 20' 00""","Ragani,Pokli (Okhaldhunga) Saibu,Bijulikot,Naga Daha,Tilpung (Ramechhap)",2078-07-21
60,Upper Marsyangdi A,50,Marsyangdi,60,2068-12-17,2103-12-16,Sinohydro-Sagarmatha Power Company Pvt Ltd,"Sanepa , Lalitpur","28o 17' 07""","28o 19' 28""","84o 21' 55""","84o 24' 10""","Bhulbhule,Bahundada,Khudi (Lamjung)",2073-07-30
61,Thapa Khola,13.6,Thapa Khola,61,2069-01-26,2104-01-25,Mount Kailash Energy Co. Ltd,"Tupche -3, Nuwakot ,Tel: 9841832093","28o 42' 32""","28o 44' 30""","83o 36' 44""","83o 38' 52""",(Mustang),2074-08-22
62,Daraundi A,6,Daraudi,62,2069-02-16,2104-02-15,Daraundi Kalika Hydro,"Samakhusi, Kathmandu, Nepal. Ph: 4360076","28o 06' 29""","28o 08' 13""","84o 39' 43""","84o 41' 33""",(Gorkha),2073-08-12
63,Jhyadi Khola,2,Jhyari Khola,63,2069-02-30,2104-02-29,"Electrocom and Research Centre, 9851003846","Baneshwor, Kathamandu - 10, Ph. 9851003846,9751000944","27o 44' 30""","27o 46' 35""","85o 40' 15""","85o 41' 02""","Pipaldanda,Sanusiruwari,Kunchok,Bhotsipa (Sindhupalchok)",2073-04-01
64,Lower Khare,11,Khare,64,2069-03-19,2105-03-18,Universal Power Company P. Ltd,"Thapathali KTM, POB : 13961, Ph no: 014261827, 4252216","27o 45' 00""","27o 45' 43""","86o 11' 35""","86o 13' 52""","Bulung,Chankhu,Khare,Suriti (Dolakha)",2078-09-06
65,Nau Gad Khola,8.5,Naugad,65,2069-03-31,2104-03-30,Api Power Company Pvt. Ltd,"Dillibajar Kathmandu,Phone 4417136,4433252 Fax 4421114","29o 41' 15""","29o 43' 08""","80o 36' 15""","80o 36' 38""",(Darchula),2072-05-02
66,Upper Hugdi,5,Hugdi,67,2069-04-30,2104-04-29,Ruru Jalbidyut Pariyojana Pvt. Ltd,"P.O. Box 8416, Samakhusi, Kathmandu-29, Nepal, Phone: 01-4389703, 4357563 Fax :01-4357563","28o 05' 00""","28o 06' 12""","83o 23' 17""","83o 25' 17""",(Gulmi),2071-12-09
67,Midim Khola,3,Midim Khola,68,2069-05-06,2104-05-05,Union Hydropower P.Ltd,"P.O.B. No: 12637, Ph: 01-5543850","28o 10' 53""","28o 12' 00""","84o 16' 42""","84o 17' 30""",Karapu (Lamjung),2074-10-15
68,Upper Sanjen,14.8,Sanjen,69,2069-05-07,2105-05-06,Sanjen Jalvidhyut Co,"Das Tower Lazimpat, Kathmandu, 01-4002049, Fax 4443077","28o 13' 00""","28o 14' 25""","85o 16' 30""","85o 18' 15""",Chilime (Rasuwa),2080-06-21
69,Mai Cascade,7,Mai Khola,72,2069-07-15,2104-07-14,Sanima Mai Hydropower Limited,"Narananchaur, Naksal Kathmandu, P. O. Box 19737, Phone 01-4446442, Fax 01-4441277","26o 45' 43""","26o 47' 21""","87o 52' 02""","87o 53' 09""",(Ilam),2072-12-19
70,Hewa Khola A,14.9,Hewa (Panchthar),74,2069-08-21,2104-08-20,Panchthar Power Company Pvt. Ltd.,"Hativan 15, Lalitpur, Phone 01-5251003 fax 5251004","27o 10' 09""","27o 11' 33""","87o 47' 30""","87o 50' 58""","Bharapa,Nangeen,Yanganam (Panchthar)",2074-01-10
71,Rasuwagadhi,111,Bhotekoshi (Rasuwa),75,2069-08-21,2105-08-20,Rasuwagadhi Hydropower Company Ltd.,"Gyaneswor Kathmandu, P.O.Box 25210, Phone 014439163, 014439284","28o 14' 05""","28o 16' 39""","85o 21' 22""","85o 23' 03""","Thuman,Timure (Rasuwa)",2081-09-16
72,Upper Khimti,12,Khimti Khola,77,2069-09-03,2105-09-02,Himalaya Urja Bikas Co. Pvt. Ltd.,"Balkot-2 Bhaktapur, Phone 016632822","27o 39' 24""","27o 41' 54""","86o 19' 20""","86o 21' 40""",Chuchure (Ramechhap),2079-03-06
73,Namarjun Madi,12,Madi Khola,78,2069-09-11,2104-09-10,Himalayan Hydropower Pvt.Ltd,"P.O. Box No.: 20225, Lazimpat, Kathmandu, Phone: 01-4441216, Fax: 01-4441217","28o 17' 56""","28o 19' 00""","84o 05' 00""","84o 06' 08""","Namarjung,Sildujure (Kaski)",2077-06-13
74,Upper Mailun Khola,14.3,Mailung Khola,79,2069-09-20,2107-11-26,Upper Mailung Khola Hydropower Limited.,"Baluwatar, Kathmandu, Nepal. Ph: 4436027, Fax: 4419703","28o 05' 56""","28o 07' 13""","85o 11' 00""","85o 13' 00""",",Gatlang,Haku,Dandagoun (Rasuwa)",2080-10-28
75,Sabha Khola,3.3,Sabha Khola,81,2069-10-04,2104-10-03,Dibyaswari Hydropower P Ltd,"Purano Baneswor, Kathmandu, Phone 014461326,","27o 23' 19""","27o 24' 13""","87o 16' 23""","87o 17' 35""",Dhupu (Sankhuwasabha),2074-06-04
76,Dordi-1,12,Dordi,82,2069-10-12,2105-10-11,Dordi Khola Jalvidyut Company Limited,"Tripushwor, Kathmandu, P.O. Box: 20290, Ph:4232748, 4232749, Fax: 4232750","28o 13' 33""","28o 15' 11""","84o 26' 55""","84o 28' 45""","Chiti,Bansar,Dhodeni,Faleni (Lamjung)",2079-06-14
77,Nyadi Khola,30,Nyadi,83,2069-11-03,2105-11-02,Nyadi Hydropower Limited,"P.O.Box. 11728, Kathmandu, Phone 01-4781776, 4784026, Fax 01-4780994","28o 19' 20""","28o 21' 07""","84o 25' 25""","84o 28' 00""","Bahundada,Bhulbhule (Lamjung)",2079-01-27
78,Tungun - Thosne Khola,4.36,Tugun,84,2069-11-03,2104-11-02,Khani Khola Hydropower Company Ltd,"Baluwatar Kathmandu, P.O.Box 8975,Ph 01-4417219","27o 29' 15""","27o 29' 50""","85o 18' 20""","85o 19' 53""",(Lalitpur),2073-08-09
79,Khani Khola,2,Khani Khola (Lalitpur),85,2069-11-03,2104-11-02,Khani Khola Hydropower Company Ltd,"Baluwatar Kathmandu, P.O.Box 8975,Ph 01-4417220","27o 29' 10""","27o 29' 44""","85o 17' 02""","85o 18' 20""",(Lalitpur),2073-08-09
80,Lower Tadi,4.993,Tadi Khola,88,2069-12-27,2104-12-26,Buddha Bhumi Nepal Hydropower Co. Pvt. ltd.,"Kantipath Kathmandu, Phone 01-4248228, Fax 01-4244474","27o 55' 05""","27o 55' 40""","85o 21' 08""","85o 22' 50""","Balkumari,Samundratar,Sundaradevi,Thaprek (Nuwakot)",2078-12-10
81,Jogmai Khola,7.6,Jogmai Khola,86,2069-12-29,2104-12-28,Sanvi Energy Pvt. Ltd.,"G.P. O. Box 8975, EPC 1341 KTM , Pulchok Lalitpur, Phone 5532860","26o 54' 40""","26o 55' 24""","88o 01' 09""","88o 03' 20""",",Namsaling,Naya Bazar,Panchakanya,Phikal Bazar (Ilam)",2074-01-18
82,Daram Khola-A,2.5,Daram,89,2070-02-02,2105-02-01,Sayapatri Hydropower Pvt. Ltd.,"Gongabu-29 Kathmandu, Phone 01-4364009","28o 16' 45""","28o 17' 52""","83o 24' 30""","83o 25' 27""",(Baglung),2073-03-12
83,Upper Puwa-1,3,Puwa,90,2070-02-06,2105-02-05,Joshi Hydropower Co. P. Ltd,"Newbaneswor, KathmanduTel: 01-4115787","26o 59' 47""","27o 00' 50""","87o 52' 50""","87o 54' 10""",(Ilam),2071-10-01
84,Gelun Khola HPP,3.2,Gelun,91,2070-02-06,2105-02-05,Gelun Khola Hydropower Company Pvt Ltd,"Baneswar, Kathmandu Tel: 4492150","27o 49' 30""","27o 50' 40""","85o 46' 30""","85o 49' 15""","Baramchi,Hagam,Jalbire (Sindhupalchok)",2080-08-15
85,Middle Modi,18,Modi Khola,93,2070-03-07,2106-03-06,Middle Modi Hydropower Limited,"P.O.Box: 12268, Nepal. Ph:4038030, Fax:4038026","28o 17' 20""","28o 18' 29""","83o 45' 00""","83o 47' 08""",",Deupurkot,Tilahar (Parbat)",2079-09-08
86,Sardi Khola,4,Sardi,94,2070-03-13,2105-03-12,Mandakini Hydropower Ltd.,"Baneswor Kathmandu, P.O.Box 7327, Phone 01-4461574","28o 20' 00""","28o 21' 07""","83o 58' 30""","84o 00' 35""",(Kaski),2074-08-23
87,Upper Mai -C,6.1,Mai Khola,95,2070-03-21,2105-03-20,"Mai Valley Hydropower P.L.,","P.O.Box 24194, Phone 01-5010631, Lalitpur Kathmandu","27o 00' 00""","27o 01' 21""","87o 57' 37""","87o 58' 09""",",Mabu,Sulubung (Ilam)",2074-04-09
88,Kabeli B - 1,25,Kabeli Khola,98,2070-03-28,2105-03-27,Arun Kabeli Power Limited.,"Baneshwor, Ktm, P.O. Box: 11039, Ph: 01-4109801, 4475234, Fax: 4474895","27o 16' 23""","27o 17' 00""","87o 47' 00""","87o 50' 10""","Nagi,Tharpu (Panchthar)",2076-07-23
89,Lower Hewa,22.1,Hewa (Panchthar),99,2070-04-09,2105-04-08,Mountain Hydro Nepal (P.) Ltd,"P.O. Box: 3970, New Baneshwor, Kathmandu, Nepal. Ph: 015525184, 4299844, Fax 01-5525184","27o 08' 42""","27o 10' 40""","87o 43' 20""","87o 47' 12""","Bharapa,Nangeen,Phidim (Panchthar)",2076-04-21
90,Mai Cascade HPP,8,Mai Khola,101,2070-04-15,2105-04-14,Himal Dolkha Hydropower Company Pvt Ltd,"Baneswar, Kathmandu Tel: 9851085922,2043191","26o 50' 50""","26o 52' 36""","87o 54' 43""","87o 56' 11""","Goduk,Chisapani,Ilam N.P.,Soyak (Ilam)",2074-12-26
91,Chhandi Khola,2,Chhandi,103,2070-05-24,2105-05-23,Chhyandi Hydropower Co. P. Ltd,"Ph: 014424925, 9851095497, 014426483","28o 15' 12""","28o 16' 04""","84o 28' 08""","84o 29' 20""",(Lamjung),2072-12-13
92,Puwa Khola-1,4,Puwa,106,2070-06-21,2105-06-20,Puwa Khola - 1 Hydropower Pvt. Ltd,"PO Bpx 20762 Baluwatar Nepal. Ph: 4410057, 9851129708","26o 55' 02""","26o 56' 58""","87o 53' 46""","87o 55' 00""","Shantidanda,Barbote,Ilam N.P. (Ilam)",2074-06-23
93,Madhya Bhotekoshi,102,Bhotekoshi (Sindhupalchowk),108,2070-08-18,2106-08-17,Madhya Bhotekoshi Jalbidyut Company Ltd.,"Maharajganj Kathmandu, P.O.Box. 23599, Phone 01-4721641, 4721642, Fax 01-4721643","27o 49' 08""","27o 53' 00""","85o 51' 49""","85o 54' 43""","Maneswor,Marbin,Listi (Sindhupalchok)",2082-06-20
94,Rudi A,8.8,Rudi Khola,109,2070-09-12,2105-09-11,Bindhabasini Hydropower Developmwnt Company Pvt.Ltd,"P.O.Box.10242, Newbaneswor, Kathmandu, phone 4781891, Fax 4785671","28o 13' 51""","28o 16' 39""","84o 11' 00""","84o 13' 00""","Mijuredada (Kaski) Bhoje,Pasagaun (Lamjung)",2075-12-05
95,Ghalemdi Khola,5,Ghalemdi,110,2070-09-14,2105-09-13,Ghalemdi Hydro Limited,"P.O.Box 9560, Banasthatli, Kathmandu; Tel. 014362520; 69521079; ghalemdi@gmail.com","28o 31' 30""","28o 32' 30""","83o 40' 30""","83o 42' 00""",Narchyang (Myagdi),2076-11-05
96,Kapadigad,3.33,Kapadigad,111,2070-09-14,2105-09-13,Salmanidevi Hydropower Pvt Ltd,"Dhunga Adda, Tinthana-7,KTM, 014316325","29o 00' 00""","29o 01' 15""","80o 45' 00""","80o 47' 05""",",Barchhen (Doti)",2076-02-25
97,Down Piluwa,10.3,Piluwa Khola,113,2070-11-04,2105-11-03,River Falls Hydropower Development P. Ltd.,"P.O.Box, 14165, Anamnagar, Kathmandu, Phone 01-4238159, Fax 01-4102651","27o 14' 30""","27o 15' 00""","87o 16' 00""","87o 18' 10""","Baneswor,Ankhibhui,Mamling (Sankhuwasabha)",2080-04-25
98,Madkyu Khola,13,Madkyu,116,2070-11-21,2105-11-20,Silkes Hydropower Pvt.Ltd,"P.O.Box. 170, Lekhnath Nagar Palika - 3, Kaski, Phone 061-560236, Fax 061-532466","28o 21' 40""","28o 22' 30""","84o 07' 31""","84o 08' 45""",(Kaski),2074-12-19
99,Chake Khola,2.83,Chake Khola,114,2070-11-21,2105-11-20,Garjang Upatyaka HP Company Limited,"Khusibu, Ward No. 17, KTM","27o 37' 15""","27o 38' 19""","86o 18' 45""","86o 21' 42""",Chuchure (Ramechhap),2074-08-28
100,Super Dordi Kha Hydropower Project,54,Dordi,115,2070-11-21,2106-11-20,Peoples Hydropower Company Pvt.Ltd.,"G.P.O. Box 14165 Maharajgunj Kathmandu, Phone 016222304 Fax 014720739","28o 16' 20""","28o 18' 43""","84o 31' 00""","84o 34' 10""","Dhodeni,Faleni (Lamjung)",2080-02-08
101,Solu Hydropower Project,23.5,Solu Khola,117,2070-12-04,2105-12-03,Upper Solu Hydroelectric Company Pvt Ltd,"Hattisar, Kathmandu, Tel: 4434895, Fax: 4434937","27o 26' 42""","27o 28' 48""","86o 34' 06""","86o 35' 00""","Gora Khami,Garma,Salleri (Solukhumbu)",2076-12-10
102,Lower Solu Hydropower Project,82,Solu Khola,118,2070-12-05,2106-12-04,Solu Hydropower Ltd,"Tribeni Complex, Second floor, Putalisadak, Kathmandu-28, Tel; 4261827, Fax: 4260266","27o 24' 49""","27o 26' 41""","86o 34' 31""","86o 37' 34""","Garma,Tingla (Solukhumbu)",2082-04-24
103,Upper Dordi A HEP,25,Dordi,121,2071-01-15,2107-01-14,Liberty Energy Hydropower Pvt. Ltd.,"Stock House, Kathmandu Municipality-29, Kalikasthan; PH: 01-4443545/ 4441988","28o 15' 00""","28o 16' 20""","84o 28' 46""","84o 31' 59""","Dhodeni,Faleni (Lamjung)",2079-08-17
104,Maya Khola Hydropower Project,14.9,Maya,123,2071-02-26,2106-02-25,Maya Khola Hydropower Company Ltd,"126 Milap Marg, Bisalnagar, Kathmandu, Nepal. P.O.Box: 8975, EPC: 5602, Tel: 4417947, Fax; 977-1-4433610","27o 13' 40""","27o 15' 45""","87o 18' 33""","87o 22' 26""","Mamling,Madi Rambeni,Baneswor (Sankhuwasabha)",2080-03-22
105,Dwari Khola SHP,3.75,Dwari,124,2071-02-26,2106-02-25,Bhugol Energy Development Company Pvt Ltd,"Kupandole, Lalitpur, Tel: 9841488723,9841505699","28o 55' 00""","28o 56' 48""","81o 48' 56""","81o 50' 29""",,2074-01-23
106,Bagmati Nadi,32,Bagmati,125,2071-03-19,2106-03-18,Mandu Hydropower Ltd.,"Kathmandu,Ward No. 2, Tel no. 4169088","27o 30' 21""","27o 32' 30""","85o 13' 43""","85o 15' 20""","Kogate,Ipa Panchakanya,Sisneri Mahadevsthan (Makawanpur)",2075-12-19
107,Molun Khola SHP,7,Molun,127,2071-06-02,2106-06-01,Molun Hydropower Co. Pvt. Ltd,"Rabibhawan Kathmandu, P.O.Box 5813, Phone 01-4278130, Fax 01-4280799","27o 20' 00""","27o 21' 20""","86o 25' 42""","86o 26' 19""","Baraneshwor,Prapchan,Harkapur (Okhaldhunga)",2074-12-12
108,Solu Khola (Dudha Koshi),86,Solu Khola,126,2071-06-02,2107-06-01,Sahas Urja Limited,"Kathmandu-1, Hatisar Phone 01-4419182","27o 21' 53""","27o 25' 15""","86o 37' 35""","86o 41' 15""","Kagel,Tingla,Panchan,Newa Beddhari,Salyan (Solukhumbu)",2079-11-17
109,Upper Khimti II,7,Khimti Khola,131,2071-12-13,2107-12-12,Himalaya Urja Bikash Company Limited,G.P.O. Box: 10429 Ph: 4487794,"27o 38' 20""","27o 39' 55""","86o 18' 10""","86o 20' 10""",Chuchure (Ramechhap),2079-02-17
110,Upper Hewa HPP,8.5,Hewa (Sankhuwasabha),133,2072-01-15,2107-01-14,Upper Hewa Khola Hydropower Company Pvt Ltd,"GPO Box: 14165, Kathmandu Tel: 4102757","27o 19' 34""","27o 20' 55""","87o 20' 45""","87o 22' 30""","Jaljala,Siddhapokhari (Sankhuwasabha)",2078-12-19
111,Suri Khola,7,Suri,134,2072-02-24,2108-02-23,Suri Khola Hydropower Pvt Ltd,"GPO Box: 8941 , Katmandu. Phone no 4117079","27o 44' 10""","27o 45' 14""","86o 12' 50""","86o 15' 10""",",Chankhu (Dolakha)",2079-01-18
112,Rukum gad,5,Rukum Gad,136,2072-03-09,2108-03-08,Rapti Hydro and General Construction Pvt. Ltd.,"Tripureshwor, Kathmandu, P. O. Box no 13961 Phone 014101140, 014251080","28o 35' 36""","28o 36' 50""","82o 37' 30""","82o 39' 01""","Kanda,Sobha (Rukum)",2079-12-28
113,Ghar Khola,14,Ghar,137,2072-03-11,2107-03-10,Myagdi Hydropower Ltd.,"Pardi Pokhara, Phone 061-463429","28o 27' 00""","28o 29' 05""","83o 38' 00""","83o 40' 20""",",Shikha (Myagdi)",2080-05-08
114,Ghatte Khola,5,Ghatte Khola (Dolakha),138,2072-03-24,2107-03-23,Mankamana Engineering HP,"P.O.Box. 8020, Kathmandu,4785771","27o 46' 25""","27o 47' 14""","86o 17' 00""","86o 18' 35""",Marbu (Dolakha),2077-11-23
115,Iwa Khola,9.9,Iwa Khola,139,2072-03-28,2107-03-27,Ridi Power Company Ltd.,"Trade Tower Building, Thapathali ,Katmandu Tel no 01 5111015","27o 16' 30""","27o 17' 20""","87o 50' 05""","87o 51' 52""",Sawalakhu (Taplejung),2076-06-20
116,Theule Khola HPP,1.5,Theule,140,2072-03-28,2107-03-27,Barahi Hydropower Pvt Ltd,"Lakeside Pokhra-6, Tel: 061-520872,01-520872","28o 10' 20""","28o 11' 10""","83o 36' 51""","83o 38' 25""","Kusmi,Binamare,Sarkuwa (Baglung)",2075-03-24
117,Upper Tadi,11,Tadi Khola,144,2072-06-22,2107-06-21,Surya Kund Hydro Electric Pvt. Ltd.,"Anam Nagar Kathmandu, Phone 01-4770245, 01-4771285 Fax 01-4771109","27o 57' 32""","27o 58' 31""","85o 25' 01""","85o 27' 00""",Rautbesi (Nuwakot),2082-04-12
118,Likhu -1,77,Likhu Khola,145,2072-06-22,2108-06-21,Pan Himay Energy Ltd,"Ph. 01-4244352, 1815/105 Kantipath, Kathmandu","27o 36' 00""","27o 40' 35""","86o 26' 00""","86o 27' 45""",Gumdel (Ramechhap),2080-12-19
119,Likhu -2,55,Likhu Khola,146,2072-06-22,2108-06-21,Global Hydropower Associate Ltd,"Kantipath, Kathmandu, Phone no 4225009","27o 34' 03""","27o 36' 26""","86o 22' 43""","86o 26' 00""",Gumdel (Ramechhap) Chaulakharka(Waula) (Solukhumbu),2080-04-15
120,Likhu Khola 'A',51,Likhu Khola,148,2072-07-16,2107-07-15,Numbur Himalaya Hydropower Ltd,"P.O.Box 4286 Kathmandu, Phone 014478774","27o 31' 19""","27o 34' 02""","86o 21' 30""","86o 23' 05""","Chaulakharka(Waula),Goli (Solukhumbu)",2078-10-25
121,Upper Piluwa Khola-2 SHP,4.72,Piluwa Khola,149,2072-09-03,2107-09-02,"Menchhiyam Hydropower P Ltd. Itahari,Sunsari,9841521159","PO Box no 8975 EPC 1030 Kathmandu, Phone no 4008602, 9843142092","27o 17' 40""","27o 18' 01""","87o 23' 18""","87o 24' 21""","Mawadin,Siddhakali (Sankhuwasabha)",2079-11-22
122,Singati Khola hydropower project,25,Singati,150,2072-09-30,2107-09-29,Singati Hydro Energy Pvt. Ltd.,"Durbar Marg Kathmandu, Tel: 4228816, Fax : 977-1-4223570","27o 44' 00""","27o 47' 17""","86o 07' 05""","86o 09' 55""","Babare,Laduk,Lamidada (Dolakha)",2078-04-17
123,Kalanga,15.33,Kalanga Gad,151,2072-12-14,2107-12-13,Kalanga Hydropower P Ltd,"Sukedhara, Kathmandu, Po. Box. No. 21399, Phone No. 01-4116052, 01-4116053, Email: info.kghep@gmail.com","29o 30' 41""","29o 34' 12""","80o 50' 45""","80o 54' 45""",",Sunkuda,Khiratadi,Banjh (Bajhang)",2079-10-27
124,Upper Kalangad,38.46,Kalanga Gad,152,2072-12-14,2107-12-13,Sani Gad Hydro pvt. Ltd,"Sukedhara, Rara Marg, Kathmandu, Po. Box. No. 13607/21399, Phone no. 01-4101652, 01-4101653, Email: info.ukhep@gmail.com","29o 34' 43""","29o 38' 37""","80o 52' 30""","80o 57' 36""","Dahabagar,Khiratadi (Bajhang)",2079-11-06
125,Sanigad,10.7,Sani Gad,153,2072-12-14,2107-12-13,Bungal Hydro Ltd,"Kalanga Complex, Dobhighat, Lalitpur-3, 5529927, 5524335, kbhep@gmail.com","29o 36' 15""","29o 39' 40""","80o 49' 25""","80o 51' 50""","Kaphalaseri,Pipalkot (Bajhang)",2080-05-02
126,Lower Likhu,28.1,Likhu Khola,154,2072-12-28,2108-12-27,Swaita Ganga Hydropower and Construction Pvt. Ltd.,"P.O.Box. 439, Naxal, Kathmandu, Phone 01-4415314, 4446442, Fax 01-44412777","27o 23' 23""","27o 25' 50""","86o 13' 17""","86o 15' 38""","Tarkerabari,Yasam,Gamanamatar (Okhaldhunga) Bijulikot,Gothgau (Ramechhap)",2079-07-19
127,Taksar Pikhuwa,8,Pikhuwa,159,2073-03-03,2108-03-02,Taksar Pikhuwa Khola Hydropower Ltd.,"Gairigaun, Tinkune, Kathmandu, Phone no 9851099478, 4495459, Email: taksarpikhuwahydropower@gmail.com","27o 07' 00""","27o 08' 50""","87o 01' 40""","87o 04' 15""","Kota,Mane Bhanjyang,Taksar,Dalgaun (Bhojpur)",2078-01-01
128,Sanjen Khola,78,Sanjen,160,2073-03-09,2109-03-08,Sala Sungi P Ltd,"Kathmandu-4, Chhapalkarkhana,, 01-4015674, info.salasungi@gmail.com","28o 14' 26""","28o 17' 11""","85o 15' 00""","85o 18' 21""",Chilime (Rasuwa),2081-10-29
129,Upper Balephi A,36,Balephi,163,2073-04-12,2108-04-11,Balephi Hydropower Ltd.,"Koteshwor 35 Kathamndu; P.O.Box 23189 Kathmandu, Phone 9771 4602073","27o 53' 45""","27o 57' 00""","85o 45' 30""","85o 47' 40""","Golche,Pangtang,Dhumthang (Sindhupalchok)",2079-08-06
130,Bijaypur Khola-2 HPP,4.5,Bijayapur,166,2073-04-25,2108-04-24,Civil hydropower company,"Lekhanath Nagarpalika, Phone no 0610465562, email : civilhydropower@gmail.com","28o 09' 10""","28o 10' 37""","84o 02' 00""","84o 02' 36""",Lekhnath (Kaski),2077-11-18
131,Upper Khorunga HPP,7.5,Khoranga Khola,168,2073-05-08,2106-11-06,Terhathum Power Company Pvt. Ltd.,"Bagbajar, Kathmandu, Po. Box. No. 14130, Phone no 4240661","27o 11' 48""","27o 13' 59""","87o 31' 20""","87o 32' 30""","Morahang,Shree Jung,Oyabjung,Pouthak (Terhathum)",2076-11-17
132,Upper Solu Khola HPP,19.8,Solu Khola,169,2073-05-16,2106-11-16,Beni Hydropower Project,,"27o 31' 15""","27o 32' 57""","86o 34' 27""","86o 35' 19""","Beni,Salleri (Solukhumbu)",2080-03-01
133,Makari gad,10,Makari gad,170,2073-05-27,2109-05-26,Makarigad Hydropower Ltd,"Jagrittole Narayangopal Chowk, House No 50, Gorkhali Housei, Kathmandu; Phone no 44420530, Mob. 9841412569 (Karan Chand)","29o 46' 54""","29o 48' 03""","80o 50' 33""","80o 52' 30""",",Guljar,Khandeswori (Darchula)",2079-11-27
134,Yambaling Khola,7.271,Yambling,172,2073-06-09,2109-06-08,Yambaling Hydropower Ltd.,"Lalitpur-10, Bagmati Tel: 98511140280,014215238, email: ymlhydro@gmail.com","27o 56' 13""","27o 57' 23""","85o 47' 25""","85o 50' 00""","Gumba,Golche (Sindhupalchok)",2080-11-08
135,Rahughat Mangale,37,Rahughat,175,2073-07-29,2109-07-28,Tundi Power Company P.Ltd.,"Sanepa Lalitpur, P.O.Box. 6341, Phone 01-5555573, Fax 01-5555574, 9851041573","28o 28' 30""","28o 31' 50""","83o 30' 00""","83o 31' 32""","Pakhapani,Chimkhola,Kuinemangale (Myagdi)",2082-04-20
136,Upper Naugad Gad Hydropower Project,8,Naugad,177,2073-09-14,2108-09-14,Api Power Company Ltd.,"Trade Tower, Thapathali, Kathmandu. Phone: 015511033, 015111037, Fax: 015111035","29o 43' 25""","29o 44' 18""","80o 36' 26""","80o 39' 48""","Dhuligada,Sikhar (Darchula)",2076-07-13
137,Upper Mardi Hydropower Project,7,Mardi,181,2073-10-14,2108-05-31,United Idimardi and R.B. Hydropower Pvt Ltd,"Sanepa , Lalitpur Tel: 01-5520254, 52012027","28o 22' 16""","28o 24' 10""","83o 52' 03""","83o 54' 30""",Lwangghale (Kaski),2076-06-20
138,Upper Chirkhuwa Khola,4.7,Chirkhuwa,185,2073-11-11,2108-11-10,Chirkhuwa Hydropower Company Pvt td,"GPO Box: 19387 , Katmandu, phone no 4770297","27o 21' 23""","27o 22' 30""","87o 04' 48""","87o 06' 32""","Nepaledada,Mulpani,Khartimchcha (Bhojpur)",2081-02-20
139,Rawa Khola,3,Rawa Khola,186,2073-11-26,2108-11-25,Rawa Energy Development Pvt Ltd,"Ghattekulo, Kathmandu , P.O.Box 20770, Phone 01-4244620","27o 20' 28""","27o 21' 35""","86o 50' 38""","86o 51' 33""","Sungdel,Diplung (Khotang)",2077-06-04
140,Super Mai Hydropower Project,7.8,Mai Khola,188,2073-11-30,2108-11-29,Supermai Hydropower Pvt.Ltd.,"Kathmandu -5, Tangal , Phone no 4470887, email: supermaihydropower@gmail.com","26o 56' 27""","26o 58' 00""","87o 56' 30""","87o 57' 47""","Barbote,Soyang,Sumbek (Ilam)",2075-07-11
141,Super Madi,44,Madi Khola,192,2073-12-17,2108-12-16,Himal Hydro and General Construction Ltd.,"Kupondole, Lalitpur-10, 01-4527090, 4523971","28o 19' 02""","28o 21' 39""","84o 04' 45""","84o 08' 34""",",Namarjung,Parche,Saimrang,Kalika (Kaski)",2079-12-27
142,Upper Syange Khola SHP,2.4,Syange,197,2074-02-22,2109-02-21,Upper Syange Hydropower Pvt. Ltd.,"Samakhusi, Kathmandu, P. O. Box: 8975, Phone: 4357646, Fax: 4354186","28o 23' 05""","28o 23' 37""","84o 22' 48""","84o 23' 54""",Taghring (Lamjung),2078-11-15
143,Middle Tamor,73,Tamor,198,2074-02-22,2110-02-21,Sanima Middle Tamor Hydropower Ltd,"Dhumbarahi, Kathmandu, Phone no 437228/437030, email: sanima@sanimahydro.com","27o 23' 29""","27o 25' 19""","87o 40' 01""","87o 42' 40""","Hangdeva,Khokling,Phurumbu,Sawadin (Taplejung)",2081-01-23
144,Rudi Khola-B Hydropower Project,6.6,Rudi Khola,199,2074-02-26,2109-02-25,Bindhyabasini Hydropower Development Co. Pvt Ltd,"Naya Baneshwor, Kathmandu, P.O. Box no 10242, Phone no 4781891, Fax no 4785671, email: rudikhola@gmail.com","28o 16' 39""","28o 17' 50""","84o 11' 00""","84o 13' 00""",Mijuredada (Kaski) Pasagaun (Lamjung),2076-11-05
145,Lankhuwa Khola,5,Lankhuwa,200,2074-03-28,2109-03-27,Sabhapokhari Hydropower Ltd.,"Banasthali, Kathmandu, 01-4390229, 9851092494","27o 25' 25""","27o 26' 50""","87o 17' 00""","87o 18' 30""",Dhupu (Sankhuwasabha),2081-10-24
146,Nilgiri Khola,38,Nilgiri,202,2074-04-31,2109-04-30,Nilgiri Khola Hydropower Company Pvt. Ltd.,"Panipokhari, Kathmandu, Phone: 4437705, 4441648","28o 34' 37""","28o 36' 00""","83o 40' 00""","83o 43' 00""",",Narchyang (Myagdi)",2081-04-21
147,Buku-Kapati Hydropower Project,5,Buku,203,2074-05-08,2109-05-07,Him Star Urja Company Ltd.,"Baluwatar-4, Kathmadu. PO Box : 20762, Phone no 4167507, 6911637","27o 30' 00""","27o 31' 20""","86o 22' 34""","86o 24' 10""","Bhussinga,Rawadolu (Okhaldhunga) Goli (Solukhumbu)",2082-05-14
148,Seti Khola HPP,3.5,Seti Khola (Parbat),205,2074-05-26,2109-05-25,Parbat Paiyu Khola Hydropower Company,"Head Office ,Kathmandu Tel: 2093013, Fax: 4385668","28o 00' 37""","28o 02' 05""","83o 36' 45""","83o 37' 30""",Shivalaya (Parbat),2081-03-07
149,Padam Khola SHP,4.8,Padam Khola,207,2074-06-29,2109-06-28,Dolti Power Company P. Ltd,"Baneshwor, Kathmandu, Phone no 4105021, 97510001589, 9851003846, emai: info@doltipower.com.np","28o 54' 02""","28o 55' 00""","81o 49' 22""","81o 51' 19""",Kalika (Dailekh),2076-09-08
150,Sapsup Khola Small Hydro Electric Project,7.151,Sapsup Khola,211,2074-08-29,2109-08-28,Three Star Hydro Power Pvt.Ltd.,"593/55 Kha Thapa Gaun, New Banesor-10, Kathmandu.4468423,9851105341","27o 06' 31""","27o 08' 34""","86o 44' 20""","86o 45' 23""","Batase,Chhorambu,Rajapani (Khotang)",2078-09-23
151,Richet Khola SHP,5,Richet,214,2074-09-04,2109-09-03,Richet Jalbidhyut Company Pvt. Ltd.,"Lalitpur-15, Mahalaxmisthan, phone no 5527469, 55237849, 9851006013, email: richethydro@gmail.com","28o 10' 10""","28o 10' 55""","84o 54' 58""","84o 55' 51""","Manbu,Kashigaun (Gorkha)",2078-04-28
152,Buku Khola,6,Buku,216,2074-09-25,2109-09-24,Apolo Hydropower Pvt.Ltd,"Lalitpur, phone: 5201375","27o 30' 47""","27o 31' 35""","86o 20' 55""","86o 22' 34""","Bhussinga,Rawadolu (Okhaldhunga) Goli (Solukhumbu)",2082-12-18
153,Rele Khola,6,Rele Khola,221,2074-10-28,2110-10-27,Hym Consult Ltd.,"SiphalKathmandu, Ph 4489327, 4491271 (Previous) House No. 280, Madan Bhandari Path, Babarmahal, Kathmandu, Ward No.11, 9","28o 30' 24""","28o 32' 00""","83o 40' 43""","83o 42' 00""",Narchyang (Myagdi),2082-03-23
154,Super Mai-A HPP,9.6,Mai Khola,224,2074-11-18,2110-02-07,Sagarmatha Jalbidhyut Company P.Ltd.,"168/22 Thapa Gaun, New Banesor-10, Kathmandu.42272949, 9851018025,9751000158","26o 58' 08""","26o 59' 59""","87o 57' 36""","87o 58' 26""","Sumbek,Sulubung,Pyang (Ilam)",2077-02-32
155,Upper Gaddi Gad,1.55,Gaddi Gad,225,2074-11-30,2109-11-29,Shaileshwari Power Nepal Ltd.,"Sankhamul,KMC-31, Phone no: 9843116449/9851018901, email: saileshwori.power17@gmail.com","29o 16' 41""","29o 17' 23""","81o 03' 25""","81o 05' 00""","Gaihragau,Kadamadaun,Sanagau (Doti)",2082-07-09
156,Mai Beni HPP,9.51,Mai Khola,228,2075-01-06,2111-01-05,Samling Power company Pvt.Ltd,"Baneshwor 10, Kathmandu, Phone no 9851018025, 5539135, 5525228","26o 53' 09""","26o 55' 41""","87o 56' 38""","87o 57' 30""","Namsaling,Soyang,Goduk (Ilam)",2078-06-01
157,Upper Chhyandi Small HPP,4,Chhyangdi,233,2075-02-09,2111-02-08,Chhyandi Hysropower LTD,"Gairidhara-2, Kathmandu, 4426483, PO 19380","28o 16' 05""","28o 17' 46""","84o 28' 38""","84o 29' 57""","Bansar,Faleni (Lamjung)",2078-08-24
158,Upper Phawa HPP,5.8,Phawa Khola,238,2075-05-19,2110-05-18,Unitech Hydropower Company Ltd.,"Kathmandu-32. 01-4489018,98560 66100","27o 19' 04""","27o 21' 02""","87o 46' 05""","87o 48' 12""","Sikaicha,Tiringe (Taplejung)",2081-01-08
159,Puwa II hydropower Project,4.96,Puwa,240,2075-06-23,2110-06-22,Peoples Power Ltd,"Kamal Pokhari Kathmandu; PH. -014462844, 01-4437611","26o 57' 14""","26o 59' 24""","87o 53' 49""","87o 54' 34""","Sakhejung,Maipokhari,Barbote (Ilam)",2079-08-12
160,Nilgiri Khola-II cascade Project,71,Nilgiri,241,2075-07-07,2110-07-06,Nilgirikhola Hydropower Company Limited,"Heritage Plaza -1 Kamaladi,Kathmandu -28, GPO Box: 7970, Tel: 01-416908905","28o 32' 17""","28o 34' 37""","83o 40' 00""","83o 43' 00""",Narchyang (Myagdi),2080-12-24
161,Upper Lohore SHP,4,Lohare Khola,246,2075-09-16,2110-09-15,Upper Lohore Khola Hydropower Company. Pvt. Ltd,"P.Box.No. 4708,Buddhanagar,Newbaneswor,Kathmandu 4783012,9751029016 & 9841736253","28o 56' 01""","28o 57' 21""","81o 48' 13""","81o 48' 40""",Baluwatar (Dailekh),2082-01-04
162,Super Mai Khola Cascade HPP,3,Mai Khola,250,2075-11-05,2110-11-04,Mai Khola Hydropower Pvt.Ltd.,"Kathmandu-10, Thapagaun; 01-4227294, 4468423, 9851018025","26o 55' 41""","26o 56' 27""","87o 56' 34""","87o 57' 13""","Soyang,Barbote (Ilam)",2077-03-31
163,Upper Rahughat,48.5,Rahughat,253,2075-12-11,2110-12-10,Tudi Power Company Pvt.Ltd,"P.O.Box 6341, Sanepa Lalitpur, Phone 01-5555573, 01-5555574; tundicons@gmail.com","28o 25' 46""","28o 28' 30""","83o 30' 00""","83o 31' 50""","Chimkhola,Dagnam,Jhin,Pakhapani (Myagdi)",2082-07-07
164,Super Hewa HPP,6,Hewa (Sankhuwasabha),254,2075-12-26,2110-12-25,Super Hewa Power Co. Ltd.,"Kathmandu-32, Anamnagar.P O BOX 21363,9851027259; superhewapc@gmail.com","27o 20' 55""","27o 22' 15""","87o 22' 25""","87o 24' 22""","Jaljala,Siddhapokhari (Sankhuwasabha)",2082-01-01
165,Upper Richet Khola SHP,2,Richet,258,2076-02-07,2112-02-06,Upper Richet Hydropower Pvt. Ltd.,"Lalitpur-1, Kupondole; tel: 01-4472349; emai: urhppl@gmail.com","28o 10' 56""","28o 11' 53""","84o 55' 52""","84o 56' 49""","Kashigaun,Manbu (Gorkha)",2081-05-27
166,Lower Jogmai Khola HPP,6.2,Jogmai Khola,264,2076-03-12,2112-03-11,Asian Hydropower Pvt. Ltd,"Kathmandu-10 New Baneshwor, P.O. Box 9879, 4491882,4470887, 9851018025","26o 53' 00""","26o 53' 56""","87o 57' 26""","87o 59' 50""","Namsaling,Goduk,Panchakanya (Ilam)",2078-07-15
167,Upper Suri Khola HPP,7,"Hulak,Kolung",268,2076-04-15,2111-04-14,Makar Jitumaya Hudropower Pvt.Ltd.,"Kathmandu-11,Tripureswor,","27o 43' 30""","27o 44' 30""","86o 15' 10""","86o 17' 00""",Chankhu (Dolakha),2080-08-21
168,Upper Midim Khola SHP,7.5,Midim Khola,272,2076-05-26,2111-05-25,"Bhujung Hydro Power Ltd.,","Kathmandu-34, Baneshowr, Kathmandu,4480564,9851026587","28o 19' 01""","28o 20' 50""","84o 14' 40""","84o 15' 54""",Bhujung (Lamjung),2081-01-06
169,Upper Chameliya HP,40,Chameliya Khola,273,2076-06-12,2111-06-11,Api Power Co. Ltd,"Trade Tower Thapathali, Kathmandu 11, ph 01-5111037,9801147087 (sanjib); email: info@apihydro.com; Web: www.apihydro.com","29o 44' 20""","29o 46' 57""","80o 46' 50""","80o 49' 12""","Tapoban,Latinath,Guljar,Sitaula (Darchula)",2080-04-28
170,Kabeli B1 Cascade HPP,9.94,Kabeli Khola,277,2076-07-26,2112-07-25,Arun Valley Hydropower Development Company Ltd.,"Trade Tower Nepal, 2 nd floor,Thapathali, Kathmandu","27o 16' 02""","27o 16' 50""","87o 45' 51""","87o 47' 00""","Ambarpur,Nagi (Panchthar)",2078-12-12
171,Sagu Khola HEP,20,Sangu Khola,278,2076-08-12,2111-08-11,Him Parbat Hydropower Pvt. Ltd.,"World Trade Centre, Tripureshwor 5th floor, Kathmandu, 01-4117008,01-4117079,himal Gurung 9851053161, P.O Box 8941","27o 47' 18""","27o 49' 49""","86o 05' 35""","86o 07' 20""","Alampu,Chilankha,Khupachagu (Dolakha)",2082-06-25
172,Chepe Khola Small HEP,8.63,Chepe Khola,279,2076-08-16,2112-08-15,Aashutosh Investment Pvt. Ltd.,"KMC-16, Kathmandu, 01-4359237 (Jivraj Kandel)","28o 10' 39""","28o 12' 55""","84o 37' 43""","84o 39' 05""",Kharibot (Gorkha) Dudhpokhari (Lamjung),2079-06-16
173,Dudhkunda Khola HEP,12,Solu Khola,280,2076-08-18,2111-08-17,Mount Everest Power Development P.Ltd.,"Mahalaxmisthan , Lalitpur-13, Ph. 01-5523784,5527469, 9851039258(Arjun Paudel)","27o 35' 10""","27o 37' 05""","86o 35' 52""","86o 36' 48""","Beni,Takasindu (Solukhumbu)",2081-04-16
174,Upper Machha Khola HEP,4.55,Machha Khola,283,2076-09-29,2111-09-28,Bikash Hydropower Company Pvt. Ltd.,"Maharajgunj-3, Kathmandu, 01-4445083, 4445084, 9851073099, Contact no; Krishna prasad ghimire","28o 12' 33""","28o 13' 20""","84o 48' 27""","84o 49' 27""","Gumda,Laprak (Gorkha)",2079-11-17
175,Bhim Khola Small HEP,4.96,Bhim Khola,284,2076-09-29,2112-09-28,Shikhar Power Development Pvt.Ltd.,"Baneshower, Kathmandu 9851133303","28o 17' 05""","28o 17' 42""","83o 12' 54""","83o 14' 40""","Gwalichaur,Bhinggithe,Ranasinkiteni (Baglung)",2081-11-25
176,Jogmai Cascade,5.2,Jogmai Khola,285,2076-10-01,2112-09-30,Sanvi Energy Pvt. Ltd.,"Kupondole, Lalitpur. PO Box: 9875 EPC 3141","26o 53' 47""","26o 54' 52""","87o 59' 50""","88o 01' 09""",Namsaling (Ilam),2082-03-11
177,Sagu khola 1 HPP,5.5,Sagu,292,2076-10-21,2111-10-20,Him Parbat Hydropower Pvt. Ltd,"Tripureshwor 11 KTM, 4117079, 9851053161","27o 49' 49""","27o 50' 39""","86o 05' 48""","86o 06' 40""","Alampu,Chilankha (Dolakha)",2082-04-08
178,Thulo Khola Hydropower Project,21.3,Thulo Khola,294,2076-12-10,2111-12-09,Samyukta Urja Ltd.,"kupondole, Lalitpur, samyuktaurja@gmail.com","28o 32' 46""","28o 34' 56""","83o 31' 00""","83o 33' 00""",Kuinemangale (Myagdi),2082-05-09
179,Chepe Khola HEP,7,Chepe Khola,297,2077-02-15,2112-02-14,Champawati Hydro Power P.Ltd,"Kathmandu -14 Balkhu,4036085,4036086","28o 07' 10""","28o 08' 23""","84o 33' 06""","84o 35' 00""","Thalajung,Kerabari (Gorkha)",2081-03-25
180,Madme Khola HPP,24,Madme Khola,299,2077-03-03,2112-03-02,Madme Khola Hydropower Ltd.,"Lalitpur-10, Somnath Kandel: 9851201536, madamekhola24@gmail.com, 015450934","28o 25' 30""","28o 26' 20""","84o 07' 04""","84o 09' 12""",Namarjung (Kaski),2082-09-12
181,Seti Khola HPP,25,Seti Khola (Gandaki),304,2077-03-15,2112-03-14,Vision Lumbini Urja Company Limited.,"Butwal-8, Rupandehi, 071-549494, 548464,9857025140","28o 18' 40""","28o 22' 12""","83o 57' 15""","83o 58' 30""","Ghachok,Machhapuchchhre,Purachaur,Sardikhola (Kaski)",2081-07-27
182,Karuwa Seti HEP,32,Seti Khola (Gandaki),305,2077-03-15,2112-03-14,Jhyamolongma Hydropower Development Company Pvt. Ltd.,"kaski, Pokhara, 9849821564, 01-5520254,5543896,5012027","28o 22' 12""","28o 24' 30""","83o 57' 50""","83o 59' 30""","Machhapuchchhre,Sardikhola (Kaski)",2082-01-19
183,Upper Piluwa 3 HPP,4.95,Piluwa Khola,306,2077-04-09,2112-04-08,Mabilung Energy.Ltd,"Kathmandu-34,Sachetanmarg New Baneshower, house no. 162,016922762,9843142092,9851150167,mabilungenergy@gmail.com","27o 17' 42""","27o 18' 04""","87o 24' 22""","87o 25' 30""","Mawadin,Siddhakali (Sankhuwasabha)",2082-06-04
184,Mid Solu Khola HEP,9.5,Solu Khola,308,2077-04-22,2112-04-21,Mid Solu Hydropower Ltd.,"Baneshwor-10, Baburam Acharaya Sadak 1757/70, Kathmandu Contact No. 9751000158,01-4470584, 9841560491","27o 29' 16""","27o 31' 15""","86o 34' 00""","86o 35' 05""","Gora Khami,Salleri (Solukhumbu)",2079-09-15
185,Sunigad HEP,11.05,Suni Gad,314,2077-06-07,2112-06-06,Omega EnergyDeveloper Pvt. Ltd,"Chandole -4, Kathmandu, omegaenergy73@gmail.com,01-4436184","29o 36' 10""","29o 40' 00""","81o 11' 46""","81o 14' 16""",Sunikot (Bajhang),2079-05-28
186,Upper Ingwa Khola,9.7,Ingwa Khola,329,2077-07-28,2112-07-27,"Ingwa Hydopower Ltd.,","P.O.Box No 24697, Trade Tower, Thapathali,Kathmandu, phone 01-5111015, 5111016, 9801147131","27o 16' 41""","27o 17' 20""","87o 53' 03""","87o 55' 20""",(Taplejung),2080-12-28
187,Super Chepe HEP,9.05,Chepe Khola,341,2078-02-07,2113-02-06,Ridge Line Energy Pvt. Ltd,"Lalitpur 10, 9851198805, 015520465, 01-5181116, email: rienergy18@gmail.com","28o 13' 00""","28o 15' 00""","84o 37' 55""","84o 39' 08""",Kharibot (Gorkha) Dudhpokhari (Lamjung),2080-10-08
188,Super Kabeli Khola A HEP,13.5,Kabeli Khola,347,2078-07-12,2113-07-11,Snow River Ltd,"Tusalmarga house number 148, Kathmandu-7, Contact No. 01-6911637, 9860420866 Bikram Bhandari, 9851220305 Pratap Gurung","27o 25' 45""","27o 27' 45""","87o 54' 02""","87o 55' 40""",Yamfudin (Taplejung),2081-09-05
189,Super Kabeli Khola HEP,12,Kabeli Khola,348,2078-07-12,2113-07-11,Hilton Hydro Energy Pvt. Ltd.,"Bakuwatar, Kathmandu G.P.O no.20762,","27o 25' 09""","27o 26' 19""","87o 52' 48""","87o 54' 17""","Khewang,Mamangkhe,Yamfudin (Taplejung)",2081-12-02
190,Kabeli-3 Cascade HEP,21.93,Kabeli Khola,350,2078-08-02,2113-08-01,Kabeli Hydropower Company Ltd,"kathmandu-28, Contact no.: 01-4424457, 9851044200( Bijay Sambahanphe) , PO Box 8928, Fax: 01-5906077","27o 22' 40""","27o 25' 16""","87o 50' 58""","87o 53' 24""","Khewang,Mehele,Paidang,Mamangkhe,Tellok (Taplejung)",2082-05-08
191,Mathillo Thulo Khola A HEP,22.5,Thulo Khola,371,2079-02-09,2114-02-08,Thulo Khola Hydropower Pvt. Ltd,"Mid Baneshwor, Ka.Ma.Na.Pa-10, Kathmandu",,,,,,
